2012529	DEPOSIT  ID NUMBER 1	-100
2012606	Online Transfer from  SAV ...9790	0
2012607	Online Transfer from  SAV ...9790	0
2012611	Amazon.com AMZN.COM/BILL        	32.74
2012611	APPLE ART BROOKLYN NY          	13.89
2012613	AMZ*Lenovo USD amzn.com/        06/13AMZ*	12.6208
2012613	UTRECHT ART SUPPLY #41 B        06/12UTRE	10.88
2012625	C-TOWN SUPERMARKET S90 B962609  06/24C-TO	14.17
2012625	MTA VENDING MACHINES 718073740  06/23MTA 	20
2012625	NON-CHASE ATM FE	2
2012625	NON-CHASE ATM SAV TFR   	-200
2012625	Online Transfer to  SAV ...9790 	0
2012625	PRIVE DESIGNER SALES NEW       	29
2012627	C-TOWN SUPERMARKET S90 B123131  06/27C-TO	8.33
2012627	PIONEER SUPERMARKE BROOK192191 	5.09
2012629	PIONEER SUPERMARKE BROOK407367 	29.44
2012702	COHEN'S FASHION OPTICA N        06/30COHE	100
2012702	MACY*S .COM #0129 800	148.61
2012702	NON-CHASE ATM FEE	2
2012702	NON-CHASE ATM SAV TFR   	-300
2012702	NON-CHASE ATM SAV TFR   	-100
2012702	NON-CHASE ATM WITHDRAW 	303
2012702	PIONEER SUPERMARKE BROOK168002 	23.32
2012702	PIONEER SUPERMARKE BROOK193748 	18.02
2012705	PIONEER SUPERMARKE BROOK405775 	7.15
2012705	PIONEER SUPERMARKE BROOK421377 	17.96
2012709	NON-CHASE ATM FEE	2
2012709	NON-CHASE ATM WITHDRAW 	101.5
2012709	Online Transfer from  SAV ...9790	0
2012709	PRATT INSTITUTE CBO 718-       	100
2012710	PIONEER SUPERMARKE BROOK475932 	26.22
2012716	304-1244-TIMES NEW YORK        	27.22
2012716	PIONEER SUPERMARKE BROOK451597 	14.72
2012719	FOREVER 21 #3006 NEW 	62.9
2012723	Online Transfer from  SAV ...9790	-300
2012725	PIONEER SUPERMARKE BROOKLYN NY     	17.59
2012730	AMAZON MKTPLACE PMTS AMZN.COM/BILL WA        	16.99
2012730	Amazon Prime 866-557-2820 NV                 	79
2012730	PIONEER SUPERMARKE BROOKLYN NY     	16.16
2012730	PIONEER SUPERMARKE BROOKLYN NY     	15.6
2012731	Amazon.com AMZN.COM/BILL WA                  	29.12
2012801	ATM WITHDRAWAL                    	200
2012801	Online Transfer from  SAV ...9790	0
2012801	PIONEER SUPERMARKE BROOKLYN NY     	3.49
2012802	PIONEER SUPERMARKE BROOKLYN NY               	30.7
2012802	PIONEER SUPERMARKE BROOKLYN NY     	14.5
2012806	Online Transfer from  SAV ...9790	0
2012806	PIONEER SUPERMARKE BROOKLYN NY     	11.06
2012806	PIONEER SUPERMARKE BROOKLYN NY     	6.48
2012806	UTRECHT ART SUPPLY #41 BROOKLY NY            	36.12
2012807	PIONEER SUPERMARKE BROOKLYN NY     	9.3
2012807	UTRECHT ART SUPPLY #41 BROOKLY NY            	82.28
2012809	PIONEER SUPERMARKE BROOKLYN NY     	8.08
2012810	ASSOCIATED BROOKLYN NY             	4.17
2012810	PIONEER SUPERMARKE BROOKLYN NY     	10.06
2012813	AMAZON MKTPLACE PMTS AMZN.COM/BILL WA        	32.65
2012813	CENTURY TWENTY ONE #10 NEW YORK NY 	147.63
2012813	CENTURY TWENTY ONE #10 NEW YORK NY 	27.19
2012813	CENTURY TWENTY ONE #10 NEW YORK NY 	18.98
2012813	Online Transfer from  SAV ...9790	300
2012816	IKEA BROOKLYN BROOKLYN NY          	548.82
2012816	Online Transfer from  SAV ...9790	0
2012817	ATM WITHDRAWAL                    	100
2012817	C-TOWN SUPERMARKET S90 BROOKLYN NY 	8.14
2012821	HARVARD COOP BK 1400 M CAMBRIDGE MA	10.6
2012821	NEWBURY COMICS INC CAMBRIDGE MA    	64.98
2012821	URBAN OUTFITTER URBAN CAMBRIDGE MA 	81.38
2012822	ANTHROPOLOGIE 4 ANTHRO BOSTON MA  	77.95
2012822	CARDULLO'S GOURMET SHO CAMBRIDGE MA          	12.98
2012824	FOREVER 21 #349 BOSTON MA                    	45
2012824	HARVARD COOP BK 1400 M CAMBRIDGE MA	62.65
2012824	J. AUGUST BOOKSTORE #03 CAMBRIDGE MA         	61.96
2012824	LIFE IS GOOD RETAIL BOSTON MA                	22
2012824	MFA MUSEUM SHOP MEP BOSTON MA                	14.77
2012824	Online Transfer from  SAV ...9790	0
2012827	MFA TICKETS/MEMBERSHIP BOSTON MA             	23
2012827	SAVENORS MARKET BOSTON MA                    	21.95
2012827	SPICE THAI CUISINE CAMBRIDGE MA              	48
2012827	URBAN OUTFITTER URBAN CAMBRIDGE MA 	59.97
2012827	WATER TRANSKIOSK SALE QUINCY MA              	30
2012828	TIA`S BOSTON BOSTON MA                       	60
2012831	Online Transfer from  SAV ...9790	0
2012904	COMPARE SUPERMA BROOKLYN NY                  	48.45
2012904	HERCULES CORP 516-8703842 NY                 	10
2012904	HONG KONG SUPERMARKET NEW YORK NY  	30.11
2012904	KUM KAU BROOKLYN NY                          	56.78
2012904	THE HOME DEPOT #6957 BROOKLYN NY     037959  	217.36
2012904	UTRECHT ART SUPPLY #41 BROOKLY NY            	16.32
2012905	ASSOCIATED BROOKLYN NY             	55.92
2012905	Online Transfer from  SAV ...9790	0
2012905	Online Transfer from  SAV ...9790	0
2012906	AMAZON MKTPLACE PMTS AMZN.COM/BILL WA        	39.34
2012906	AMAZON MKTPLACE PMTS AMZN.COM/BILL WA        	7.02
2012906	Amazon.com AMZN.COM/BILL WA                  	42.83
2012906	IKEA BROOKLYN BROOKLYN NY          	110.44
2012906	Online Transfer from  SAV ...9790	0
2012906	UTRECHT ART SUPPLY #41 BROOKLY NY            	41.25
2012907	AMAZON MKTPLACE PMTS AMZN.COM/BILL WA        	3.59
2012907	HONG KONG SUPERMARKET NEW YORK NY  	63.08
2012907	THAI 101 BROOKLYN NY                         	28
2012910	Online Transfer from  SAV ...9790	-37
2012910	PIONEER SUPERMARKE BROOKLYN NY     	28.73
2012912	GRISTEDES # 059 NEW YORK NY        	15.34
2012913	Online Transfer from  SAV ...9790	0
2012913	Online Transfer from  SAV ...9790	0
2012914	AMAZON MKTPLACE PMTS AMZN.COM/BILL WA        	93.61
2012914	C-TOWN SUPERMARKET S90 BROOKLYN NY 	30.56
2012914	HERCULES CORP 516-8703842 NY                 	10
2012917	CULINART @ PRATT INSTI BROOKLYN NY           	18.73
2012917	FORECAST FOOTWEAR NEW YORK NY      	163.3
2012917	MUJI SOHO NY NY                              	16.5
2012917	Online Transfer from  SAV ...9790	0
2012917	PIONEER SUPERMARKE BROOKLYN NY     	29.15
2012917	TOP SHOP NEW YORK NEW YORK NY                	45.44
2012918	AMAZON MKTPLACE PMTS AMZN.COM/BILL WA        	322.84
2012918	AMAZON MKTPLACE PMTS AMZN.COM/BILL WA        	7.35
2012918	Amazon.com AMZN.COM/BILL WA                  	24.19
2012918	PAYPAL *FREEPEOPLEC 4029357733 SC            	115.37
2012918	PIONEER SUPERMARKE BROOKLYN NY     	41.99
2012919	AMAZON MKTPLACE PMTS AMZN.COM/BILL WA        	5.88
2012920	AMAZON MKTPLACE PMTS AMZN.COM/BILL WA        	7.36
2012920	Online Transfer from  SAV ...9790	0
2012920	PAYPAL *FREEPEOPLEC 4029357733 SC            	52.43
2012921	PRIVE SAMPLE SALE New York NY                	125
2012924	AMAZON MKTPLACE PMTS AMZN.COM/BILL WA        	24
2012924	EVENT TICKET INSURANC 866-456-3102 VA        	7
2012924	HAN AH REUM NEW YORK NY            	24.46
2012924	HONG KONG SUPERMARKET NEW YORK NY  	33.95
2012924	Online Transfer from  SAV ...9790	0
2012924	PIONEER SUPERMARKE BROOKLYN NY     	12.92
2012924	PIONEER SUPERMARKE BROOKLYN NY     	5.98
2012924	TM *BIGBANG 800-653-8000 NY                  	111.1
2012925	Amazon.com AMZN.COM/BILL WA                  	34.95
2012926	CULINART @ PRATT INSTI BROOKLYN NY           	12.47
2012928	Amazon.com AMZN.COM/BILL WA                  	21.74
2013001	MTA MVM CLASSON AVENU 718-330-1234 NY        	20
2013001	Online Transfer from  SAV ...9790	-200
2013001	PIONEER SUPERMARKE BROOKLYN NY     	19.92
2013002	CULINART @ PRATT INSTI BROOKLYN NY           	11.38
2013002	PIONEER SUPERMARKE BROOKLYN NY     	22.93
2013002	PIONEER SUPERMARKE BROOKLYN NY     	2.92
2013003	HERCULES LAUNDRY 800-526-5760 NY             	10
2013003	Online Transfer from  SAV ...9790	-500
2013004	PAYPAL           INST XFER  4G8226ASZL7AN   WEB ID: PAYPA	9
2013004	TOP SHOP NEW YORK NEW YORK NY                	282.42
2013009	APL*APPLE ITUNES STOR 866-712-7753 CA        	1.08
2013012	Amazon.com AMZN.COM/BILL WA                  	42.41
2013012	APL*APPLE ITUNES STOR 866-712-7753 CA        	5.42
2013012	CULINART @ PRATT INSTI BROOKLYN NY           	14.64
2013015	LCI*BIOTHERM 866-246-8437 NY                 	22
2013015	MYRTLE THAI RESTAURANT BROOKLYN NY           	23
2013015	PIONEER SUPERMARKE BROOKLYN NY     	59.08
2013018	PIONEER SUPERMARKE BROOKLYN NY     	27.98
2013019	APL*APPLE ITUNES STOR 866-712-7753 CA        	3.24
2013019	APPLE ART BROOKLYN NY                        	27.14
2013019	CULINART @ PRATT INSTI BROOKLYN NY           	15.73
2013022	Online Transfer from  SAV ...9790	0
2013022	Online Transfer from  SAV ...9790	0
2013023	PIONEER SUPERMARKE BROOKLYN NY     	41.57
2013024	PRATT INSTITUTE PRATT.EDU NY                 	21.095
2013025	FREEPEOPLE.COM #2899 972-550-2751 PA         	298.86
2013025	MTA MVM CLASSON AVENU 718-330-1234 NY        	20
2013026	CULINART @ PRATT INSTI BROOKLYN NY           	12.47
2013029	AT&T DF ZEMK5 50136 8003310500 NY  	217.74
2013029	KMART           7777 NEW YORK NY   	20.33
2013029	MTA VENDING MACHINES 718-330-1234 NY 	20
2013102	HOTEL PLAZA ALMENDROS ISLA MUJERES           	83.83
2013102	NON-CHASE ATM FEE	5
2013102	NON-CHASE ATM WITHDRAW             	125.31
2013102	PIONEER SUPERMARKE BROOKLYN NY     	40.22
2013102	THE NEW SCHOOL 212-229-5660 NY               	50
2013104	NON-CHASE ATM FEE	5
2013104	NON-CHASE ATM WITHDRAW             	245.33
2013104	PAYPAL           INST XFER  4G8226LUUN43W   WEB ID: PAYPA	9
2013105	PAYPAL           INST XFER  4G8226DWFGBCS   WEB ID: PAYPA	9
2013106	Amazon.com AMZN.COM/BILL WA                  	31.79
2013107	COLLEGE TRANSCRIPT 7037424200 VA             	7.25
2013107	MATATENA HOTEL SOLIDARIDAD Q                 	55.65
2013107	SCHOOL OF VISUAL ART 877-2143932 OR          	80
2013108	AMAZON MKTPLACE PMTS AMZN.COM/BILL WA        	29.99
2013108	E TRAVEL RESERVATION BENITO JUAREZ           	125.1
2013108	HERCULES LAUNDRY 800-526-5760 NY             	10
2013108	SUPERDRY NY BROADWAY F NEW YORK NY           	25
2013109	AT&T EMK5 10136 NEW YORK NY        	27.21
2013111	C-TOWN SUPERMARKET S90 BROOKLYN NY 	23.79
2013111	MTA VENDING MACHINES 718-330-1234 NY 	10
2013113	Amazon.com AMZN.COM/BILL WA                  	18.83
2013113	CULINART @ PRATT INSTI BROOKLYN NY           	26.57
2013113	J MART GROUP INC FLUSHING NY                 	46.33
2013113	PAYPAL *FREEPEOPLEC 402-935-7733 SC          	-52.43
2013113	PIONEER SUPERMARKE BROOKLYN NY     	10.23
2013114	CENTURY TWENTY ONE #10 NEW YORK NY 	142.87
2013114	CULINART @ PRATT INSTI BROOKLYN NY           	12.47
2013114	GUACAMOLE GRILL CANCUN                   	16.2
2013114	MTA VENDING MACHINES 718-330-1234 NY 	10
2013114	PIONEER SUPERMARKE BROOKLYN NY     	58.8
2013114	SZE CHUAN GOURMET NEW YORK NY                	24
2013115	ONLINE WIRE TRANSFER VIA: BANK OF AMERICA	260
2013115	PIONEER SUPERMARKE BROOKLYN NY     	35.39
2013115	PIONEER SUPERMARKE BROOKLYN NY     	28.98
2013115	WIRE ONLINE DOMESTI	25
2013116	COLLEGE TRANSCRIPT 703-742-4200 VA           	12.25
2013116	PIONEER SUPERMARKE BROOKLYN NY     	14.73
2013118	CULINART @ PRATT INSTI BROOKLYN NY           	4.9
2013119	Amazon.com AMZN.COM/BILL WA                  	13.74
2013119	PIONEER SUPERMARKE BROOKLYN NY     	43.13
2013120	AMAZON MKTPLACE PMTS AMZN.COM/BILL WA        	18.72
2013122	CENTURY TWENTY ONE #10 NEW YORK NY           	-78.64
2013122	METROCARD VALUE @ AIR 718-330-1234 NY651834  	10
2013122	MTA VENDING MACHINES 718-330-1234 NY 	10
2013123	MTA VENDING MACHINES 718-330-1234 NY 	10
2013125	CULINART @ PRATT INSTI BROOKLYN NY           	11.11
2013126	APL*APPLE ITUNES STOR 866-712-7753 CA        	2.17
2013126	ETS*CTF TOEFL iBT Tes 609-771-7100 NJ        	180
2013126	PIONEER SUPERMARKE BROOKLYN NY     	64.03
2013127	Online Transfer from  SAV ...9790	0
2013128	AMERICAN AI 00123184111 DALLAS TX            	179.8
2013128	FREEPEOPLE.COM #2899 972-550-2751 PA         	135.96
2013128	Online Transfer from  SAV ...9790	0
2013128	PIONEER SUPERMARKE BROOKLYN NY     	17.99
2013128	PRATT INSTITUTE PRATT.EDU NY                 	777.05
2013128	TM *KYARY PAMYU PAMYU 800-653-8000 CA        	40
2013130	MTA VENDING MACHINES 718-330-1234 NY 	20
2013130	PIONEER SUPERMARKE BROOKLYN NY     	40.21
2013130	UTRECHT ART SUPPLY #41 BROOKLY NY            	48.08
2013131	KHIMS MILLENIUM VIII BROOKLYN NY             	16.36
2013201	C-TOWN SUPERMARKET S90 BROOKLYN NY 	26.63
2013203	AMAZON MKTPLACE PMTS AMZN.COM/BILL WA        	13.3
2013203	MTA VENDING MACHINES 718-330-1234 NY 	10
2013203	PIONEER SUPERMARKE BROOKLYN NY     	38.35
2013203	SLM-NYU APP FEE 800-2394211 VA               	60
2013204	PAYPAL           INST XFER  4G8226H9SPBFA   WEB ID: PAYPA	9
2013204	PIONEER SUPERMARKE BROOKLYN NY     	47.97
2013205	Amazon.com AMZN.COM/BILL WA                  	513.88
2013205	CULINART @ PRATT INSTI BROOKLYN NY           	10.56
2013205	CULINART @ PRATT INSTI BROOKLYN NY           	12.47
2013205	Online Transfer from  SAV ...9790	-1000
2013205	PIONEER SUPERMARKE BROOKLYN NY     	44.18
2013207	AMERICAN AI 00123165643 DALLAS TX            	228.71
2013207	AMERICAN AI 00123742346 DALLAS TX            	208.22
2013207	PIONEER SUPERMARKE BROOKLYN NY     	28.61
2013207	TRAVEL INSURANCE POLI 800-729-6021 VA        	23.63
2013210	AMAZON MKTPLACE PMTS AMZN.COM/BILL WA        	429
2013210	PRATT-INST.- PRATT CAR 718-3994202 NY        	80
2013211	C-TOWN SUPERMARKET S90 BROOKLYN NY 	8.28
2013212	Amazon.com AMZN.COM/BILL WA                  	-482.81
2013212	HERCULES LAUNDRY 800-526-5760 NY             	10
2013212	PIONEER SUPERMARKE BROOKLYN NY     	77.61
2013214	302-1242-SOHO NEW YORK NY                    	204.87
2013214	URBAN OUTFITTER URBAN NEW YORK NY  	46.47
2013215	MANGO NEW YORK NY                            	39.99
2013215	PIONEER SUPERMARKE BROOKLYN NY     	33.63
2013215	SEPHORA 302 NEW YORK NY                      	58.79
2013215	TOP SHOP NEW YORK NEW YORK NY                	72
2013215	TOP SHOP NEW YORK NEW YORK NY                	75.6
2013217	FREEPEOPLE.COM #2899 972-550-2751 PA         	119.85
2013217	HONG KONG SUPERMARKET NEW YORK NY            	41.03
2013217	SKYPE COMMUNICAT IAT PAYPAL 4G8226JTWDUME   WEB ID: 77051	10
2013217	VICTORIA SECRET 800-888-1500 OH              	59.29
2013217	WIKIMEDIA 8776009454 877-6009454 CA          	3
2013218	MTA VENDING MACHINES 718-330-1234 NY 	10
2013219	APL*APPLE ITUNES STOR 866-712-7753 CA        	2.16
2013219	CULINART @ PRATT INSTI BROOKLYN NY           	7.57
2013219	CULINART @ PRATT INSTI BROOKLYN NY           	3.81
2013219	HOTWIRE-SALES FINAL 866-468-9473 CA          	585.89
2013219	Online Transfer from SAV ...9790	-1000
2013219	PIONEER SUPERMARKE BROOKLYN NY     	33.75
2013219	PIONEER SUPERMARKE BROOKLYN NY     	49.32
2013219	SHORTLINE TERMINAL AGE PARAMUS NJ            	53.5
2013219	SHORTLINE TERMINAL NEW YORK NY       912483  	45.5
2013219	THANKS 1B LLC NEW YORK NY                    	30
2013220	FREEPEOPLE.COM #2899 972-550-2751 PA         	217.7
2013220	THE CAFES AT MOMA NEW YORK NY                	25
2013221	Online Transfer from  SAV ...9790	-600
2013224	ANTHROPOLOGIE 4 ANTHRO NEW YORK NY	19.95
2013224	EVENT TICKET INSURANC 866-456-3102 VA        	14
2013224	JOE FRESH NEW YORK NY                        	21
2013224	MTA VENDING MACHINES 718-330-1234 NY 	10
2013224	MUJI SOHO NY NY                              	7.3
2013224	TM *TAYLOR SWIFT 800-653-8000 NY             	235.6
2013224	URBAN OUTFITTER URBAN NEW YORK NY  	46.42
2013225	MTA VENDING MACHINES 718-330-1234 NY 	20
2013225	TOP SHOP NEW YORK NEW YORK NY                	-64.8
2013226	AMAZON MKTPLACE PMTS AMZN.COM/BILL WA        	38.83
2013226	AMAZON MKTPLACE PMTS AMZN.COM/BILL WA        	132.72
2013226	ASSOCIATED BROOKLYN NY             	34.35
2013226	CULINART @ PRATT INSTI BROOKLYN NY           	15.73
2013226	CULINART @ PRATT INSTI BROOKLYN NY           	7.57
2013226	CULINART @ PRATT INSTI BROOKLYN NY           	3.26
2013226	FANDANGO.COM FANDANGO.COM CA                 	48.75
2013226	J MART GROUP INC FLUSHING NY       	81.84
2013226	MTA VENDING MACHINES 718-330-1234 NY 	20
2013226	SZE CHUAN GOURMET NEW YORK NY                	43
2013227	Amazon.com AMZN.COM/BILL WA                  	8.48
2013228	Online Transfer from  SAV ...9790	-19000
2013231	APL*APPLE ITUNES STOR 866-712-7753 CA        	1.08
2013231	C-TOWN SUPERMARKET S90 BROOKLYN NY 	24.55
2013231	HERCULES LAUNDRY 800-526-5760 NY             	25
2013231	HOT SOTAVENTO CANCUN                         	55.5
2013231	MOVIETICKETS.COM 888-4408457 FL              	10
2013231	PAYPAL *VERTADISLTD 402-935-7733 CA          	120
2013231	PIONEER SUPERMARKE BROOKLYN NY     	17.4
2013231	PRATT INSTITUTE PRATT.EDU NY                 	17.389
2013231	SZE CHUAN GOURMET NEW YORK NY                	32
2013301	J MART GROUP INC FLUSHING NY       	40.31
2013305	CULINART @ PRATT INSTI BROOKLYN NY           	11.38
2013305	CULINART @ PRATT INSTI BROOKLYN NY           	7.57
2013305	CULINART @ PRATT INSTI BROOKLYN NY           	3.26
2013305	PIONEER SUPERMARKE BROOKLYN NY     	13.63
2013306	MTA VENDING MACHINES 718-330-1234 NY 	10
2013306	SPORTS AUTHORI NEW YORK NY           006981  	14.14
2013311	7-ELEVEN CHICAGO IL                          	17.69
2013311	7-ELEVEN CHICAGO IL                          	7.63
2013311	CTA-O'HARE 888-9687282 IL                    	33
2013311	DISNEY STORE #838 CHICAGO IL                 	27.32
2013311	JOHN BARLEYCORN RIVER N CHICAGO IL           	41
2013311	LAGUARDIA/FIGS CAFE CON FLUSHING NY          	9.34
2013311	MUSEUM OF CONTEMPORARY CHICAGO IL            	6.15
2013311	Online Transfer from SAV ...9790	0
2013312	7-ELEVEN CHICAGO IL                          	5.6
2013315	WALGREENS 757 N MICHIG CHICAGO IL  	7.56
2013318	PIONEER SUPERMARKE BROOKLYN NY     	32.86
2013318	UTRECHT ART SUPPLY #41 BROOKLY NY  	19.66
2013321	PIONEER SUPERMARKE BROOKLYN NY     	11.54
2013322	CULINART @ PRATT INSTI BROOKLYN NY           	10.56
2013322	CULINART @ PRATT INSTI BROOKLYN NY           	10.83
2013322	NATIONAL GRID 718-643-4050 NY                	71.67
2013322	PIONEER SUPERMARKE BROOKLYN NY     	32.19
2013325	CULINART @ PRATT INSTI BROOKLYN NY           	7.57
2013325	J MART GROUP INC FLUSHING NY       	30.36
2013325	MTA VENDING MACHINES 718-330-1234 NY 	20
2013326	CULINART @ PRATT INSTI BROOKLYN NY           	11.92
2013326	PIONEER SUPERMARKE BROOKLYN NY     	28.81
2013401	APL*APPLE ITUNES STOR 866-712-7753 CA        	1.08
2013401	PIONEER SUPERMARKE BROOKLYN NY     	36.45
2013402	CULINART @ PRATT INSTI BROOKLYN NY           	2.99
2013403	7-ELEVEN NEW YORK NY                         	4.66
2013403	SKYPE COMMUNICAT IAT PAYPAL 4G8226WS5H7SG   WEB ID: 77051	10
2013404	APL*APPLE ITUNES STOR 866-712-7753 CA        	5.43
2013404	PRATT-INST.- PRATT CAR 718-3994202 NY        	50
2013405	CULINART @ PRATT INSTI BROOKLYN NY           	2.99
2013405	THE NEW SCHOOL 212-229-8930 NY               	500
2013408	CLINTON PARK CAFE BROOKLYN NY                	14
2013409	Online Transfer from SAV ...9790	-400
2013410	7-ELEVEN NEW YORK NY                         	11.89
2013410	SCENT ELATE NY NY                            	14
2013412	CLINTON PARK CAFE BROOKLYN NY                	28
2013412	CULINART @ PRATT INSTI BROOKLYN NY           	10.29
2013412	OPS*HRCLS LNDY 800526 800-555-1212 NY        	10
2013415	ANTHROPOLOGIE 4 ANTHRO NEW YORK NY	88.49
2013415	BEDBATH&BEYOND# BEDBAT NEW YORK NY 	16.32
2013415	CLINTON PARK CAFE BROOKLYN NY                	25
2013415	CLINTON PARK CAFE BROOKLYN NY                	25
2013415	M2M MART NEW YORK NY                         	5.03
2013415	MTA VENDING MACHINES BROOKLYN NY     	20
2013415	NEW MUSEUM NEW YORK NY                       	10
2013415	NEW MUSEUM STORE NEW YORK NY                 	55.53
2013416	C-TOWN SUPERMARKET S90 BROOKLYN NY 	12.52
2013416	C-TOWN SUPERMARKET S90 BROOKLYN NY 	27.75
2013416	CULINART @ PRATT INSTI BROOKLYN NY           	10.23
2013416	Online Transfer from SAV ...9790	-500
2013417	CLINTON HILL HARDWARE I BROOKLYN NY          	8.48
2013418	CLINTON PARK CAFE BROOKLYN NY                	18
2013419	CULINART @ PRATT INSTI BROOKLYN NY           	2.99
2013419	CULINART @ PRATT INSTI BROOKLYN NY           	15.46
2013419	FREEPEOPLE.COM #2899 972-550-2751 PA         	136.06
2013419	WWW.ESTEELAUDER.COM 877-311-3883 PA          	64.78
2013422	Amazon.com AMZN.COM/BILL WA                  	32.89
2013422	Amazon.com AMZN.COM/BILL WA                  	31.41
2013422	CLINTON PARK CAFE BROOKLYN NY                	15
2013422	PIONEER SUPERMARKE BROOKLYN NY     	6.39
2013422	STAGE #960 877-737-8243 TX                   	9.79
2013423	CULINART @ PRATT INSTI BROOKLYN NY           	1.91
2013423	NATIONAL GRID 718-643-4050 NY                	54.17
2013423	WAZA SUSHI BROOKLYN NY                       	23
2013424	CLINTON PARK CAFE BROOKLYN NY                	28
2013425	PIONEER SUPERMARKE BROOKLYN NY     	25.38
2013426	Online Transfer from SAV ...9790	-2000
2013429	CLINTON PARK CAFE BROOKLYN NY                	30
2013429	PIONEER SUPERMARKE BROOKLYN NY     	12.25
2013430	ANA AIR     20505210AZX TORRANCE CA          	18.935
2013501	NEWARK US     00000109 773-9075740 IL        	43.93
2013501	PIONEER SUPERMARKE BROOKLYN NY     	19.66
2013502	CULINART @ PRATT INSTI BROOKLYN NY           	10.56
2013502	MTA VENDING MACHINES BROOKLYN NY     	10
2013503	FREE PEOPLE #829 NEW YORK NY                 	-59.9
2013503	Online Transfer from SAV ...9790	-500
2013503	OPS*HRCLS LNDY 800526 800-555-1212 NY        	10
2013506	AMAZON MKTPLACE PMTS AMZN.COM/BILL WA        	24.2
2013506	CLINTON PARK CAFE BROOKLYN NY                	15
2013506	J MART GROUP INC FLUSHING NY       	23.21
2013506	MTA VENDING MACHINES BROOKLYN NY     	20
2013507	PIONEER SUPERMARKE BROOKLYN NY     	17.48
2013508	AMAZON MKTPLACE PMTS AMZN.COM/BILL WA        	35.42
2013510	FREEPEOPLE.COM #2899 972-550-2751 PA         	304.95
2013510	PAYPAL *1SALEADAY 305-432-0163 FL            	39.99
2013516	URBAN-OUTFITTERS-DIR 972-550-2751 PA         	59.02
2013517	Amazon.com AMZN.COM/BILL WA                  	49.99
2013517	Online Transfer from SAV ...9790	-400
2013520	Amazon.com AMZN.COM/BILL WA                  	97.95
2013520	MORTON WILLIAMS 2941 B NEW YORK NY 	1.89
2013520	MTA VENDING MACHINES BROOKLYN NY     	20
2013521	PIONEER SUPERMARKE BROOKLYN NY     	47.36
2013522	Amazon.com AMZN.COM/BILL WA                  	40.75
2013523	NATIONAL GRID 718-643-4050 NY                	33.92
2013523	Online Transfer from SAV ...9790	-400
2013524	Amazon.com AMZN.COM/BILL WA                  	49.99
2013524	Amazon.com AMZN.COM/BILL WA                  	54.38
2013524	WWW.ESTEELAUDER.COM 877-311-3883 PA          	59.88
2013528	Amazon.com AMZN.COM/BILL WA                  	12.89
2013528	Amazon.com AMZN.COM/BILL WA                  	8.64
2013528	Amazon.com AMZN.COM/BILL WA                  	7.62
2013528	AMERICAN AI 00123230509 DALLAS TX            	1221.61
2013528	ASIAN JEWELS SEAFOOD RE FLUSHING NY          	65
2013528	GAP USA New York NY                	10
2013528	MTA VENDING MACHINES BROOKLYN NY     	10
2013528	NORDSTROM DIRECT #080 800-285-5800 IA        	53.89
2013528	Online Transfer from SAV ...9790	-1500
2013529	ANA AIR TORRANCE CA                          	-1593.5
2013530	ALEO RESTAURANT CORP NEW YORK NY             	12
2013530	CLINTON PARK CAFE BROOKLYN NY                	26
2013530	Jia Xing 39th INC NEW YORK NY                	54
2013531	MTA VENDING MACHINES BROOKLYN NY     	20
2013603	STARBUCKS A CO32271553 SEATTLE WA            	4.43
2013610	COLLEGE TRANSCRIPT 703-742-4200 VA           	7.25
2013619	PAYPAL *ENVATO 4029357733                    	47
2013620	PAYPAL *ENVATO 4029357733                    	17
2013621	WUFOO.COM/CHARGE 813-4213676 CA              	29.95
2013705	AIR CANADA  01472902793 WALTHAM MA           	803.23
2013705	STUDENTUNIVERSE 800-2729676 MA               	60.92
2013715	PAYPAL *GETLEECHLTD 402-935-7733 CA          	3.99
2013722	WUFOO.COM/CHARGE 813-4213676 CA              	29.95
2013725	URBAN-OUTFITTERS-DIR 972-550-2751 PA         	98.51
2013729	AC LAWRENCE NEW YORK NY              	2050
2013729	AMAZON MKTPLACE PMTS AMZN.COM/BILL WA        	29.18
2013729	J MART GROUP INC FLUSHING NY                 	58.05
2013729	MTA VENDING MACHINES NEW YORK NY     	20
2013729	Online Transfer from SAV ...9790	0
2013729	URBAN-OUTFITTERS-DIR 972-550-2751 PA         	10.87
2013729	WZ NY EASTERN WIRELES 646-508-7888 NY        	65.32
2013730	OFFICIAL CHECKS C	8
2013730	OFFICIAL CHECKS C	8
2013730	PINKBERRY-6THNY NEW YORK NY                  	5.72
2013730	WITHDRAWAL 	2700
2013731	BAGELS & MORE NEW YORK NY                    	11
2013801	UNIVERSITY MARKET PLACE NEW YORK NY          	9.74
2013802	PIONEER SUPERMARKE BROOKLYN NY     	18.65
2013805	GRISTEDES # 059 NEW YORK NY        	7.66
2013805	HANABI FOOD INC NEW YORK NY                  	9.75
2013805	LEGEND BAR & RESTAURANT NEW YORK NY          	22
2013805	STARBUCKS #00823 NEW YO New York NY          	3.87
2013805	STARBUCKS #07675 NEW YO New York NY          	9.25
2013805	TWC*TIME WARNER NYC 718-358-0900 NY          	50.42
2013805	UNIVERSITY MARKET PLACE NEW YORK NY          	7.02
2013805	WAZA SUSHI BROOKLYN NY                       	41
2013806	AMERICA OOTOYA NEW YORK NY                   	57
2013807	FEDEXOFFICE   00009613 NEW YORK NY           	6.92
2013807	GRISTEDES # 059 NEW YORK NY        	18.3
2013807	LEGEND BAR & RESTAURANT NEW YORK NY          	25
2013807	PICK A BAGEL ON LEXINGT NEW YORK NY          	12.96
2013808	UNIVERSITY MARKET PLACE NEW YORK NY          	11.65
2013809	UNIVERSITY MARKET PLACE NEW YORK NY          	9.8
2013812	7-ELEVEN NEW YORK NY                         	8.7
2013812	Edo Japanese Restaurant NEW YORK NY          	17.42
2013812	GRISTEDES # 059 NEW YORK NY        	20.55
2013812	MARKET DELI & GROCERY NEW YORK NY            	11.82
2013813	UNIVERSITY MARKET PLACE NEW YORK NY          	11.98
2013814	UNIVERSITY MARKET PLACE NEW YORK NY          	9.8
2013815	KUN JIP RESTAURANT NEW YORK NY               	29
2013815	LEGEND BAR & RESTAURANT NEW YORK NY          	38
2013815	UNIVERSITY MARKET PLACE NEW YORK NY          	9.8
2013816	BREADS BAKERY NEW YORK NY                    	7
2013819	AMAZON MKTPLACE PMTS AMZN.COM/BILL WA        	16.83
2013819	ATM WITHDRAWAL                    	100
2013819	ENNJU NEW YORK NY                            	13.88
2013819	UNIVERSITY MARKET PLACE NEW YORK NY          	14.7
2013820	Duane Reade 1498 YORK NEW YORK NY  	21.68
2013820	SHABU SHABU 70 NEW YORK NY                   	43
2013821	KOBE SUSHI JAPANESE CUI NEW YORK NY          	34
2013821	RAINBOW YCS NEW YORK NY            	29.9
2013821	WUFOO.COM/CHARGE 813-4213676 CA              	29.95
2013822	GRISTEDES # 059 NEW YORK NY        	9.79
2013823	Online Transfer from SAV ...9790	0
2013823	SPICE - 1ST AVE NEW YORK NY                  	40
2013826	0800 PIER 1 MAN NEW YORK NY                  	23.38
2013826	Amazon.com AMZN.COM/BILL WA                  	13.03
2013826	Amazon.com AMZN.COM/BILL WA                  	20.65
2013826	DALLAS BBQ NEW YORK NY                       	19
2013826	ENNJU NEW YORK NY                            	12.25
2013826	J MART GROUP INC FLUSHING NY       	51.81
2013826	KOBE SUSHI JAPANESE CUI NEW YORK NY          	16.88
2013826	MATSU FUSION RESTAURAN NEW YORK NY           	18
2013826	THE NEW SCHOOL 212-229-8930 NY               	21853
2013826	UNIVERSITY MARKET PLACE NEW YORK NY          	9.8
2013826	WZ NY EASTERN WIRELES 646-508-7888 NY        	54.44
2013827	AMAZON MKTPLACE PMTS AMZN.COM/BILL WA        	8.41
2013827	Amazon.com AMZN.COM/BILL WA                  	32.58
2013827	SPICE - 1ST AVE NEW YORK NY                  	20
2013828	AMAZON MKTPLACE PMTS AMZN.COM/BILL WA        	5.14
2013828	LEGEND BAR & RESTAURANT NEW YORK NY          	21.5
2013828	RCN*CABLE PHONE INTERN 800-RINGRCN NJ        	34.99
2013830	GRISTEDES # 059 NEW YORK NY        	11.34
2013903	ENNJU NEW YORK NY                            	10.34
2013903	FREE PEOPLE 820 FREE P NEW YORK NY 	126
2013903	SZECHUAN GOURMET NEW YORK NY                 	25
2013904	SZECHUAN GOURMET NEW YORK NY                 	40
2013904	UNIVERSITY MARKET PLACE NEW YORK NY          	11.43
2013905	J MART GROUP INC FLUSHING NY       	34.55
2013909	Amazon.com AMZN.COM/BILL WA                  	12.51
2013910	UNIVERSITY MARKET PLACE NEW YORK NY          	15.51
2013911	SPARKFUN ELECTRONICS 303-284-0979 CO         	133.78
2013912	SHU YI           SENDER     TONG  WEN       CIE ID: T9416	-6950
2013913	ENNJU NEW YORK NY                            	11.7
2013913	LANG CAFE     21117254 NEW YORK NY           	9.78
2013916	EB *2013 WORLD MAKER EVENTBRITE.CO CA        	43.19
2013916	GRISTEDES # 059 NEW YORK NY        	13.98
2013916	MCDONALD'S F14780 NEW YORK NY                	5.87
2013916	URBAN OUTFITTER URBAN NEW YORK NY  	432.04
2013917	SZECHUAN GOURMET NEW YORK NY                 	35
2013917	UNIVERSITY MARKET PLACE NEW YORK NY          	14.15
2013918	LEGEND BAR & RESTAURANT NEW YORK NY          	39
2013919	MCDONALD'S F14780 NEW YORK NY                	12.06
2013919	MCDONALD'S F14780 NEW YORK NY                	11.3
2013919	UNIVERSITY MARKET PLACE NEW YORK NY          	8.44
2013920	LANG CAFE     21117254 NEW YORK NY           	7.61
2013920	REPUBLIC RESTAURANT NEW YORK NY              	36
2013920	URBAN OUTFITTER URBAN NEW YORK NY  	-221.99
2013923	Amazon.com AMZN.COM/BILL WA                  	13.62
2013923	CHIPOTLE 1766 NEW YORK NY                    	13.5
2013923	J MART GROUP INC FLUSHING NY                 	42.11
2013923	MCDONALD'S F14780 NEW YORK NY                	10.33
2013923	PAYPAL *SKYPE 35314369001                    	10
2013923	UNIVERSITY MARKET PLACE NEW YORK NY          	12.52
2013923	VESTA  *T-MOBILE 888-278-3397 OR             	108.88
2013924	AMAZON MKTPLACE PMTS AMZN.COM/BILL WA        	15.95
2013924	Chase QuickPay Electronic Transfer 3497515459 to Li 	1100
2013924	MISS KOREA II NEW YORK NY                    	51.95
2013925	7-ELEVEN NEW YORK NY                         	19.9
2013925	ENNJU NEW YORK NY                            	12.25
2013925	HAN AH REUM NEW YORK NY                      	11.13
2013926	UNIVERSITY MARKET PLACE NEW YORK NY          	13.07
2013927	7-ELEVEN NEW YORK NY                         	14.99
2013927	GLI*GREYHOUNDLINES150 214-849-8966 TX        	34
2013927	UNIVERSITY MARKET PLACE NEW YORK NY          	15.51
2013927	UTRECHT ART 8004471892 NEW YORK NY           	5.43
2013930	MTA VENDING MACHINES NEW YORK NY     	112
2013930	RCN*CABLE PHONE INTERN 800-RINGRCN NJ        	34.99
2013930	UNIVERSITY MARKET PLACE NEW YORK NY          	12.52
2014001	CHIPOTLE 1766 NEW YORK NY                    	8.5
2014001	CON ED OF NY     INTELL CK                	56.8
2014002	7-ELEVEN NEW YORK NY                         	5.53
2014002	Amazon.com AMZN.COM/BILL WA                  	106.32
2014002	CHIPOTLE 1766 NEW YORK NY                    	10.75
2014003	ATM WITHDRAWAL                    	800
2014003	GARDEN OF EDEN #3 NEW YORK NY      	5.43
2014003	UNIVERSITY MARKET NEW YORK NY                	9.8
2014004	AMAZON MKTPLACE PMTS AMZN.COM/BILL WA        	8
2014004	AMAZON MKTPLACE PMTS AMZN.COM/BILL WA        	8.5
2014004	DEPOSIT  ID NUMBER 1	-50.42
2014004	La Vie En Szechuan Rest NEW YORK NY          	53
2014004	WITHDRAWAL 	2000
2014007	A LA TURK RESTAURANT NEW YORK NY             	45
2014007	AMAZON MKTPLACE PMTS AMZN.COM/BILL WA        	14.35
2014007	AMAZON MKTPLACE PMTS AMZN.COM/BILL WA        	30.79
2014007	BEST HEALTH DELI NEW YORK NY                 	10.49
2014007	CHIPOTLE 1766 NEW YORK NY                    	8.5
2014007	ENNJU NEW YORK NY                            	12.25
2014007	MCDONALD'S F14780 NEW YORK NY                	5.87
2014008	PETITE ABEILLE NEW YORK NY                   	28
2014009	7-ELEVEN NEW YORK NY                         	7.63
2014009	AMAZON MKTPLACE PMTS AMZN.COM/BILL WA        	6.99
2014009	ENNJU NEW YORK NY                            	11.43
2014009	GRISTEDES # 059 NEW YORK NY        	4.44
2014010	CHIPOTLE 1766 NEW YORK NY                    	10.5
2014010	HANABI FOOD INC NEW YORK NY                  	10.07
2014010	MCDONALD'S F14780 NEW YORK NY                	10.43
2014011	UNIVERSITY MARKET NEW YORK NY                	19.6
2014015	16 HANDLES NEW YORK NY                       	3.18
2014015	AMAZON MKTPLACE PMTS AMZN.COM/BILL WA        	26.65
2014015	Amazon.com AMZN.COM/BILL WA                  	12.98
2014015	BEST HEALTH DELI NEW YORK NY                 	10.1
2014015	Duane Reade 1467 1ST A NEW YORK NY 	15.23
2014015	ENNJU NEW YORK NY                            	17.15
2014015	HANABI FOOD INC NEW YORK NY                  	14.54
2014015	LEGEND BAR & RESTAURANT NEW YORK NY          	47
2014016	HANABI FOOD INC NEW YORK NY                  	15.24
2014017	BREADS BAKERY NEW YORK NY                    	15.9
2014017	MAISON KAYSER - 12 NEW YORK NY               	11.5
2014018	7-ELEVEN NEW YORK NY                         	7.63
2014018	7-ELEVEN NEW YORK NY                         	9.06
2014018	UNIVERSITY MARKET NEW YORK NY                	14.7
2014021	DOMINOS 3688 212-488-4547 NY                 	13.05
2014021	UNIVERSITY MARKET NEW YORK NY                	15.51
2014022	HANABI FOOD INC NEW YORK NY                  	13.99
2014023	HANABI FOOD INC NEW YORK NY                  	23.41
2014023	UNIVERSITY MARKET NEW YORK NY                	7
2014023	UTRECHT ART 8004471892 NEW YORK NY           	17.59
2014024	MISS KOREA II NEW YORK NY                    	66
2014025	7-ELEVEN NEW YORK NY                         	1.79
2014025	CHIPOTLE 1766 NEW YORK NY                    	10.5
2014025	DOMINOS 3688 212-488-4547 NY                 	13.05
2014028	ARTIST&CRAFTSMAN SUPP- CAMBRIDGE MA          	24.34
2014028	CHIPOTLE 1892 CAMBRIDGE MA                   	8.61
2014028	HANABI FOOD INC NEW YORK NY                  	12.79
2014028	MCDONALD'S F26934 BOSTON MA                  	6.61
2014028	RCN*CABLE PHONE INTERN 800-RINGRCN NJ        	34.99
2014028	"Staples, Inc CAMBRIDGE MA            309298  "	16.76
2014028	UTRECHT ART 8004471892 NEW YORK NY           	7.82
2014029	BONCHON CAMBRIDGE MA                         	67
2014029	CON ED OF NY     INTELL CK                	55.05
2014029	MTA VENDING MACHINES NEW YORK NY     	113
2014030	HANABI FOOD INC NEW YORK NY                  	13.99
2014031	7-ELEVEN NEW YORK NY                         	11.11
2014031	UNIVERSITY MARKET NEW YORK NY                	9.53
2014101	DOMINOS 3688 212-488-4547 NY                 	13.05
2014101	PAYARD PASTRY SHOP & B NEW YORK NY           	14.5
2014102	FOOD EMPORIUM # NEW YORK NY                  	45.6
2014102	Garnet Wines & Liquors New York NY           	39.18
2014102	Online Transfer from SAV ...9790	-500
2014103	Amazon.com AMZN.COM/BILL WA                  	65.3
2014103	Amazon.com AMZN.COM/BILL WA                  	24.24
2014103	FOOD EMPORIUM # NEW YORK NY                  	46.96
2014104	AMAZON MKTPLACE PMTS AMZN.COM/BILL WA        	5.96
2014104	FREE PEOPLE 815 FREE P NEW YORK NY 	88
2014104	HANABI FOOD INC NEW YORK NY                  	10.07
2014104	REPUBLIC RESTAURANT NEW YORK NY              	38
2014104	URBAN OUTFITTER URBAN NEW YORK NY  	78.99
2014105	7-ELEVEN NEW YORK NY                         	6.52
2014105	HANABI FOOD INC NEW YORK NY                  	7.62
2014106	Amazon.com AMZN.COM/BILL WA                  	20.68
2014106	CONVERSE INC 888-792-3307 MA                 	104.98
2014106	HANABI FOOD INC NEW YORK NY                  	13.17
2014106	J MART GROUP INC FLUSHING NY                 	71.81
2014107	RADIOSHACK COR BROOKLYN NY                   	45.67
2014107	UNIVERSITY MARKET NEW YORK NY                	9.8
2014108	ENNJU NEW YORK NY                            	7.66
2014108	La Vie En Szechuan Rest NEW YORK NY          	95
2014108	UNIVERSITY MARKET NEW YORK NY                	9.53
2014108	UNIVERSITY MARKET NEW YORK NY                	12.52
2014109	FOOD EMPORIUM # NEW YORK NY                  	36.47
2014109	PAYPAL *NOOELEC INC TORONTO ON               	3.5
2014112	7-ELEVEN NEW YORK NY                         	11.43
2014112	AMAZON MKTPLACE PMTS AMZN.COM/BILL WA        	17.97
2014112	Amazon.com AMZN.COM/BILL WA                  	6.52
2014112	ARTIST AND CRAF/761 ME BROOKLYN NY 	29.2
2014112	HANABI FOOD INC NEW YORK NY                  	10.07
2014112	HANABI FOOD INC NEW YORK NY                  	10.07
2014112	HANABI FOOD INC NEW YORK NY                  	12.79
2014112	La Vie En Szechuan Rest NEW YORK NY          	100
2014112	PAYPAL *CMPLE COM 402-935-7733 NY            	3.26
2014112	PAYPAL *HDE 402-935-7733 PA                  	5.5
2014112	UNIVERSITY MARKET NEW YORK NY                	9.53
2014113	7-ELEVEN NEW YORK NY                         	3.18
2014113	SIL THREAD NEW YORK NY                       	19.75
2014113	YAMIBUY.COM 626-593-5031 CA                  	49.7
2014114	7-ELEVEN NEW YORK NY                         	7.07
2014114	BEST HEALTH DELI NEW YORK NY                 	12.34
2014114	MTA VENDING MACHINES NEW YORK NY     	10
2014114	NEO SUSHI STUDIO INC NEW YORK NY             	54
2014114	UNIVERSITY MARKET NEW YORK NY                	12.52
2014115	ATM CASH DEPOSIT 11/15 360 E 72ND	-660
2014115	CHIPOTLE 1766 NEW YORK NY                    	8.5
2014115	FOOD EMPORIUM # NEW YORK NY                  	21.44
2014115	HANABI FOOD INC NEW YORK NY                  	10.07
2014116	FURRY PAWS IX NEW YORK NY                    	9.79
2014117	C BAO NEW YORK NY                            	12.25
2014117	MTA VENDING MACHINES NEW YORK NY     	10
2014117	UNIVERSITY MARKET NEW YORK NY                	10.62
2014118	HANABI FOOD INC NEW YORK NY                  	10.07
2014118	MCDONALD'S F14780 NEW YORK NY                	10.33
2014118	TASTI D-LITE #116 NEW YORK NY                	3.57
2014118	TASTI D-LITE #116 NEW YORK NY                	4.81
2014119	ADAFRUIT INDUSTRIES LL 646-4653692 NY        	249.92
2014119	RADIOSHACK COR NEW YORK NY                   	42.97
2014120	7-ELEVEN 34917 NEW YORK NY                   	11.92
2014120	AMAZON MKTPLACE PMTS AMZN.COM/BILL WA        	9.99
2014120	Amazon.com AMZN.COM/BILL WA                  	6.3
2014120	FREEPEOPLE.COM #2899 972-550-2751 PA         	248.24
2014120	HANABI FOOD INC NEW YORK NY                  	7.57
2014120	VESTA  *T-MOBILE 888-278-3397 OR             	54.44
2014121	AMAZON MKTPLACE PMTS AMZN.COM/BILL WA        	14.99
2014121	Amazon.com AMZN.COM/BILL WA                  	11.97
2014121	C-TOWN SUPERMARKET NEW YORK NY       169547  	5.98
2014121	FOOD EMPORIUM # NEW YORK NY                  	25.77
2014121	FOOD EMPORIUM # NEW YORK NY                  	21.91
2014121	LEGEND BAR & RESTAURANT NEW YORK NY          	20.59
2014121	LEGEND BAR & RESTAURANT NEW YORK NY          	19.64
2014121	MTA VENDING MACHINES NEW YORK NY     	10
2014121	Online Transfer from SAV ...9790	-200
2014121	UNIVERSITY MARKET NEW YORK NY                	14.15
2014121	URBAN-OUTFITTERS-DIR 972-550-2751 PA         	38.88
2014121	URBAN-OUTFITTERS-DIR 972-550-2751 PA         	19.99
2014122	7-ELEVEN NEW YORK NY                         	9.56
2014122	Amazon.com AMZN.COM/BILL WA                  	29.27
2014122	HANABI FOOD INC NEW YORK NY                  	10.07
2014122	PAYPAL *GOLDPARTER 402-935-7733 CA           	3.38
2014122	PAYPAL *JETS INC 402-935-7733 CA             	6.65
2014122	PAYPAL *TG SOLAR 402-935-7733 CA             	5.95
2014122	SZECHUAN GOURMET NEW YORK NY                 	22.41
2014123	7-ELEVEN NEW YORK NY                         	8.09
2014124	Amazon.com AMZN.COM/BILL WA                  	28.31
2014124	HANABI FOOD INC NEW YORK NY                  	10.07
2014124	MTA VENDING MACHINES NEW YORK NY     	30
2014124	UNIVERSITY MARKET NEW YORK NY                	9.53
2014125	ATM CASH DEPOSIT 11/25 360 E 72ND	-140
2014125	FOOD EMPORIUM # NEW YORK NY                  	3.99
2014125	HANABI FOOD INC NEW YORK NY                  	20.63
2014125	PAYPAL *JVARGASALPH 402-935-7733 CA          	5.95
2014125	PAYPAL *TAYDAELECTR 402-935-7733 CA          	2.99
2014125	PAYPAL *USAHITECINC 402-935-7733 CA          	41.79
2014125	RADIOSHACK COR NEW YORK NY                   	17.4
2014125	RADIOSHACK COR NEW YORK NY                   	-20.13
2014125	RAINBOW YCS NEW YORK NY            	19.24
2014125	SUBWAY        00538041 NEW YORK NY           	7.08
2014125	UNIVERSITY MARKET NEW YORK NY                	6.8
2014126	Amazon.com AMZN.COM/BILL WA                  	20.68
2014126	CHIPOTLE 1766 NEW YORK NY                    	8.5
2014127	CON ED OF NY     INTELL CK                	50.1
2014127	ENNJU NEW YORK NY                            	9.8
2014127	ESOUTFITTER 800-357-0102 NY                  	2.99
2014127	Online Transfer from SAV ...9790	-100
2014127	Online Transfer from SAV ...9790	-400
2014127	UTRECHT ART 8004471892 NEW YORK NY           	9.79
2014128	AmazonPrime Membersh amzn.com/prme NV        	39
2014128	FOOD EMPORIUM # NEW YORK NY                  	25.4
2014128	HANABI FOOD INC NEW YORK NY                  	10.07
2014128	LUKE`S LOBSTER NEW YORK NY                   	73
2014128	RCN*CABLE PHONE INTERN 800-RINGRCN NJ        	34.99
2014128	THE NEW SCHOOL28117273 NEW YORK NY           	3.57
2014129	7-ELEVEN NEW YORK NY                         	13.1
2014129	Amazon.com AMZN.COM/BILL WA                  	58.5
2014129	FOOD EMPORIUM # NEW YORK NY                  	15.98
2014129	MCDONALD'S F2702 NEW YORK NY                 	12.5
2014129	Online Transfer from SAV ...9790	-300
2014129	RADIOSHACK COR NEW YORK NY                   	76.19
2014129	RCN*CABLE PHONE INTERN 800-RINGRCN NJ        	34.99
2014129	UNIVERSITY MARKET NEW YORK NY                	9.53
2014130	CON ED OF NY     INTELL CK                	63.2
2014130	LEE'S EVERCLEAN LAUNDR NEW YORK NY           	8
2014130	SHU YI           SENDER     TONG  WEN       CIE ID: T9416	0
2014130	UNIVERSITY MARKET NEW YORK NY                	9.53
2014131	BEYOND SUSHI NEW YORK NY                     	19.25
2014131	EB *TOWARD A COSMOPO EVENTBRITE.CO CA        	50
2014202	BEST HEALTH DELI NEW YORK NY                 	21.3
2014202	CHIPOTLE 1766 NEW YORK NY                    	8.5
2014202	PAYPAL *ZYDISTRO 402-935-7733 CA             	2.74
2014202	URBAN-OUTFITTERS-DIR 972-550-2751 PA         	51.95
2014203	ACF-NY 866-573-0445 NY                       	9
2014203	Amazon.com AMZN.COM/BILL WA                  	-20.68
2014203	ANDAZ NEW YORK NY                            	41
2014203	C BAO NEW YORK NY                            	13.61
2014203	LEGEND BAR & RESTAURANT NEW YORK NY          	25
2014203	MTA VENDING MACHINES NEW YORK NY     	20
2014203	MTA VENDING MACHINES NEW YORK NY     	20
2014203	PAYPAL *TAYDAELECTR 402-935-7733 CA          	3.19
2014203	RAINBOW YCS NEW YORK NY            	4.89
2014203	UNIVERSITY MARKET NEW YORK NY                	7.89
2014203	UNIVERSITY MARKET NEW YORK NY                	9.75
2014203	UTRECHT ART 8004471892 NEW YORK NY           	6.84
2014203	VIVE LE CREPE NEW YORK NY                    	14.15
2014203	WHOLE FOODS MARK 40Eas New York NY 	9.79
2014204	ENNJU NEW YORK NY                            	10.89
2014204	HANABI FOOD INC NEW YORK NY                  	10.07
2014205	7-ELEVEN NEW YORK NY                         	5.96
2014205	AMAZON MKTPLACE PMTS AMZN.COM/BILL WA        	5.99
2014205	CHIPOTLE 1766 NEW YORK NY                    	8.5
2014205	RAINBOW YCS NEW YORK NY                      	11.3
2014205	YAMIBUY.COM 626-593-5031 CA                  	49.55
2014206	TASTI D-LITE #116 NEW YORK NY                	5.32
2014206	UNIVERSITY MARKET NEW YORK NY                	7.89
2014209	C BAO NEW YORK NY                            	22.05
2014209	CHIPOTLE 1766 NEW YORK NY                    	19.5
2014209	HANABI FOOD INC NEW YORK NY                  	11.98
2014209	HANABI FOOD INC NEW YORK NY                  	7.57
2014209	LEGEND BAR & RESTAURANT NEW YORK NY          	49
2014209	MCDONALD'S F2702 NEW YORK NY                 	6.09
2014209	"Staples, Inc NEW YORK NY             483344  "	23.35
2014209	TASTI D-LITE #116 NEW YORK NY                	5.27
2014209	UNIVERSITY MARKET NEW YORK NY                	8.98
2014210	C BAO NEW YORK NY                            	18.24
2014210	Online Transfer from SAV ...9790	-400
2014211	AMAZON MKTPLACE PMTS AMZN.COM/BILL WA        	-17.97
2014211	BEST HEALTH DELI NEW YORK NY                 	14.89
2014211	C BAO NEW YORK NY                            	-4.03
2014212	BEST HEALTH DELI NEW YORK NY                 	9.14
2014213	HANABI FOOD INC NEW YORK NY                  	7.57
2014213	REPUBLIC RESTAURANT NEW YORK NY              	44.06
2014213	TASTI D-LITE #116 NEW YORK NY                	6.74
2014216	7-ELEVEN NEW YORK NY                         	15.73
2014216	ENNJU NEW YORK NY                            	9.53
2014216	HANABI FOOD INC NEW YORK NY                  	7.57
2014216	MTA VENDING MACHINES NEW YORK NY     	30
2014216	PAYPAL *POWER HOBBY 402-935-7733 NY          	10.83
2014216	REGALE DELI NEW YORK NY                      	9.54
2014217	FOOD EMPORIUM # NEW YORK NY                  	44.77
2014217	INT*CANAL PLASTICS CENT NEW YORK NY          	61.05
2014217	INT*CANAL PLASTICS CENT NEW YORK NY          	7.82
2014217	SUBWAY        00202747 NEW YORK NY           	6.63
2014218	MCDONALD'S F4682 NEW YORK NY                 	10.77
2014220	7-ELEVEN NEW YORK NY                         	10.74
2014220	C BAO NEW YORK NY                            	8.44
2014220	COMEBUY NEW YORK NY                          	5.17
2014223	TASTI D-LITE #116 NEW YORK NY                	4.07
2014224	Online Transfer from SAV ...9790	-500
2014224	POCHA NEW YORK NY                            	27.22
2014226	7-ELEVEN NEW YORK NY                         	9.4
2014226	Garnet Wines & Liquors New York NY           	52.24
2014226	VESTA  *T-MOBILE 888-278-3397 OR             	108.88
2014227	ADAFRUIT INDUSTRIES LL 646-4653692 NY        	63.76
2014227	APL*APPLE ITUNES STOR 866-712-7753 CA        	4.34
2014230	Garnet Wines & Liquors New York NY           	52.24
2014230	RCN*CABLE PHONE INTERN 800-RINGRCN NJ        	34.99
2014231	CON ED OF NY     INTELL CK                	60.69
2014231	MTA VENDING MACHINES NEW YORK NY     	20
